,Open,High,Low,Close,Volume
2024-01-01,100.0,100.0,100.0,100.0,1000000
2024-01-02,101.0,101.0,101.0,101.0,1000000
2024-01-03,102.0,102.0,102.0,102.0,1000000
2024-01-04,103.0,103.0,103.0,103.0,1000000
2024-01-05,104.0,104.0,104.0,104.0,1000000
2024-01-06,105.0,105.0,105.0,105.0,1000000
2024-01-07,106.0,106.0,106.0,106.0,1000000
2024-01-08,107.0,107.0,107.0,107.0,1000000
2024-01-09,108.0,108.0,108.0,108.0,1000000
2024-01-10,109.00000000000001,109.00000000000001,109.00000000000001,109.00000000000001,1000000
2024-01-11,110.00000000000001,110.00000000000001,110.00000000000001,110.00000000000001,1000000
2024-01-12,111.00000000000001,111.00000000000001,111.00000000000001,111.00000000000001,1000000
2024-01-13,112.00000000000001,112.00000000000001,112.00000000000001,112.00000000000001,1000000
2024-01-14,112.99999999999999,112.99999999999999,112.99999999999999,112.99999999999999,1000000
2024-01-15,114.00000000000001,114.00000000000001,114.00000000000001,114.00000000000001,1000000
2024-01-16,114.99999999999999,114.99999999999999,114.99999999999999,114.99999999999999,1000000
2024-01-17,115.99999999999999,115.99999999999999,115.99999999999999,115.99999999999999,1000000
2024-01-18,117.0,117.0,117.0,117.0,1000000
2024-01-19,118.0,118.0,118.0,118.0,1000000
2024-01-20,119.0,119.0,119.0,119.0,1000000
2024-01-21,120.0,120.0,120.0,120.0,1000000
2024-01-22,121.0,121.0,121.0,121.0,1000000
2024-01-23,122.0,122.0,122.0,122.0,1000000
2024-01-24,123.0,123.0,123.0,123.0,1000000
2024-01-25,124.0,124.0,124.0,124.0,1000000
2024-01-26,125.0,125.0,125.0,125.0,1000000
2024-01-27,126.0,126.0,126.0,126.0,1000000
2024-01-28,127.0,127.0,127.0,127.0,1000000
2024-01-29,128.0,128.0,128.0,128.0,1000000
2024-01-30,129.0,129.0,129.0,129.0,1000000
2024-01-31,130.0,130.0,130.0,130.0,1000000
2024-02-01,131.0,131.0,131.0,131.0,1000000
2024-02-02,132.0,132.0,132.0,132.0,1000000
2024-02-03,133.0,133.0,133.0,133.0,1000000
2024-02-04,134.0,134.0,134.0,134.0,1000000
2024-02-05,135.0,135.0,135.0,135.0,1000000
2024-02-06,136.0,136.0,136.0,136.0,1000000
2024-02-07,137.0,137.0,137.0,137.0,1000000
2024-02-08,138.0,138.0,138.0,138.0,1000000
2024-02-09,139.0,139.0,139.0,139.0,1000000
2024-02-10,140.0,140.0,140.0,140.0,1000000
2024-02-11,141.0,141.0,141.0,141.0,1000000
2024-02-12,142.0,142.0,142.0,142.0,1000000
2024-02-13,143.0,143.0,143.0,143.0,1000000
2024-02-14,144.0,144.0,144.0,144.0,1000000
2024-02-15,145.0,145.0,145.0,145.0,1000000
2024-02-16,146.0,146.0,146.0,146.0,1000000
2024-02-17,147.0,147.0,147.0,147.0,1000000
2024-02-18,148.0,148.0,148.0,148.0,1000000
2024-02-19,149.0,149.0,149.0,149.0,1000000
2024-02-20,150.0,150.0,150.0,150.0,1000000
2024-02-21,151.0,151.0,151.0,151.0,1000000
2024-02-22,152.0,152.0,152.0,152.0,1000000
2024-02-23,153.0,153.0,153.0,153.0,1000000
2024-02-24,154.0,154.0,154.0,154.0,1000000
2024-02-25,155.0,155.0,155.0,155.0,1000000
2024-02-26,156.0,156.0,156.0,156.0,1000000
2024-02-27,156.99999999999997,156.99999999999997,156.99999999999997,156.99999999999997,1000000
2024-02-28,158.0,158.0,158.0,158.0,1000000
2024-02-29,159.0,159.0,159.0,159.0,1000000
2024-03-01,160.0,160.0,160.0,160.0,1000000
2024-03-02,161.0,161.0,161.0,161.0,1000000
2024-03-03,162.0,162.0,162.0,162.0,1000000
2024-03-04,163.0,163.0,163.0,163.0,1000000
2024-03-05,164.0,164.0,164.0,164.0,1000000
2024-03-06,165.0,165.0,165.0,165.0,1000000
2024-03-07,166.0,166.0,166.0,166.0,1000000
2024-03-08,167.0,167.0,167.0,167.0,1000000
2024-03-09,168.00000000000003,168.00000000000003,168.00000000000003,168.00000000000003,1000000
2024-03-10,169.0,169.0,169.0,169.0,1000000
2024-03-11,170.0,170.0,170.0,170.0,1000000
2024-03-12,171.0,171.0,171.0,171.0,1000000
2024-03-13,172.0,172.0,172.0,172.0,1000000
2024-03-14,173.0,173.0,173.0,173.0,1000000
2024-03-15,174.0,174.0,174.0,174.0,1000000
2024-03-16,175.0,175.0,175.0,175.0,1000000
2024-03-17,176.0,176.0,176.0,176.0,1000000
2024-03-18,177.0,177.0,177.0,177.0,1000000
2024-03-19,178.0,178.0,178.0,178.0,1000000
2024-03-20,179.0,179.0,179.0,179.0,1000000
2024-03-21,180.0,180.0,180.0,180.0,1000000
2024-03-22,181.0,181.0,181.0,181.0,1000000
2024-03-23,181.99999999999997,181.99999999999997,181.99999999999997,181.99999999999997,1000000
2024-03-24,183.0,183.0,183.0,183.0,1000000
2024-03-25,184.0,184.0,184.0,184.0,1000000
2024-03-26,185.0,185.0,185.0,185.0,1000000
2024-03-27,186.0,186.0,186.0,186.0,1000000
2024-03-28,187.0,187.0,187.0,187.0,1000000
2024-03-29,188.0,188.0,188.0,188.0,1000000
2024-03-30,189.0,189.0,189.0,189.0,1000000
2024-03-31,190.0,190.0,190.0,190.0,1000000
2024-04-01,191.0,191.0,191.0,191.0,1000000
2024-04-02,192.0,192.0,192.0,192.0,1000000
2024-04-03,193.00000000000003,193.00000000000003,193.00000000000003,193.00000000000003,1000000
2024-04-04,194.0,194.0,194.0,194.0,1000000
2024-04-05,195.0,195.0,195.0,195.0,1000000
2024-04-06,196.0,196.0,196.0,196.0,1000000
2024-04-07,197.0,197.0,197.0,197.0,1000000
2024-04-08,198.0,198.0,198.0,198.0,1000000
2024-04-09,199.0,199.0,199.0,199.0,1000000
2024-04-10,200.0,200.0,200.0,200.0,1000000
